147,
75,
179,
109,
148,
119,
113,
170,
108,
119,
101,
81,
71,
92,
82,
159,
140,
151,
102,
172,
101,
149,
133,
113,
95,
101,
141,
138,
140,
104,
143,
127,
115,
129,
118,
141,
145,
133,
138,
136,
123,
128,
93,
173,
89,
185,
137,
139,
111,
105,
169,
150,
141,
130,
89,
81,
176,
144,
122,
107,
154,
142,
172,
92,
137,
135,
128,
139,
141,
98,
100,
138,
114,
149,
190,
165,
189,
154,
147,
132,
87,
95,
171,
140,
68,
112,
137,
129,
159,
138,
177,
153,
104,
113,
116,
95,
119,
134,
175,
212,
108,
129,
143,
88,
167,
138,
114,
91,
92,
147,
113,
132,
141,
156,
151,
137,
143,
107,
100,
65,
117,
174,
112,
133,
182,
92,
91,
166,
149,
120,
146,
168,
128,
210,
106,
107,
129,
119,
109,
135,
112,
140,
153,
117,
170,
182,
99,
103,
126,
123,
142,
128,
71,
144,
198,
165,
95,
104,
170,
135,
114,
77,
173,
113,
133,
147,
80,
144,
98,
128,
92,
153,
94,
95,
115,
157,
163,
162,
121,
133,
76,
142,
109,
186,
125,
105,
120,
155,
97,
114,
103,
96,
140,
143,
121,
119,
121,
138,
143,
116,
138,
150,
165,
100,
156,
107,
165,
169,
143,
134,
157,
127,
151,
91,
144,
90,
164,
150,
124,
138,
163,
107,
122,
129,
127,
197,
75,
124,
139,
165,
127,
112,
167,
92,
167,
112,
112,
108,
139,
176,
144,
125,
125,
143,
188,
132,
135,
99,
113,
185,
125,
162,
113,
95,
112,
108,
181,
136,
119,
164,
137,
81,
104,
71,
82,
99,
147,
104,
112,
133,
141,
145,
189,
134,
100,
172,
130,
113,
148,
109,
163,
172,
123,
116,
134,
135,
120,
152,
132,
142,
155,
144,
194,
128,
137,
75,
137,
165,
203,
112,
